KT&G 상상마당 아트센터,강원도 춘천시 스포츠타운길399번길 25,033-259-5442,4800,Y,20201113,20201128
KT&G상상마당 야외공연장,강원도 춘천시 스포츠타운길399번길 25,033-259-5824,500,Y,2020119,20201125
강릉아트센터 사임당홀,강원도 강릉시 종합운동장길 84(교동),033-640-5582,400,Y,20201110,20201120
선사근현대사박물관 초가무대,강원도 양구군 양구읍 금강산로 439-54,033-480-2864,300,Y,20191213,20201121
원주백운아트홀,강원도 원주시 시청로1 (무실동),033-737-2814,962,Y,20201112,20201122
원주치악예술관,강원도 원주시 시청로1 (무실동),033-766-0067,600,Y,20201115,20201120
인제하늘내린센터 다목적공연장,강원도 인제군 인제읍 비봉로 44번길 100,033-460-8950,414,Y,2020111,20201126
인제하늘내린센터 대공연장,강원도 인제군 인제읍 비봉로 44번길 100,033-460-8950,686,Y,20201114,20201129
청소년회관,강원도 철원군 갈말읍 명성로 139번길 52,033-450-4894,330,Y,20201112,20201118
화강문화센터,강원도 철원군 서면 약수로3,033-450-4894,348,Y,2020111,20201119
철원종합문화복지센터,강원도 철원군 철원읍 금학로330번길 12,033-450-4894,500,Y,20201114,20201124
도립화목원,강원도 춘천시 화목원길 24,033-259-5443,345,Y,2020118,20201123
춘천인형극장,강원도 춘천시 영서로 3017,070-4633-5746,250,Y,2020112,20201127
국립춘천박물관,강원도 춘천시 우석로 70,033-260-1500,280,Y,2020112,20201118
한림대일송아트홀(예정),강원도 춘천시 한림대학길 1,033-259-5869,500,Y,2020112,20201121
김유정생가,강원도 춘천시 신동면 김유정로 1430-14,033-261-4650,100,Y,20201113,20201124
김유정문학촌 야외무대,강원도 춘천시 신동면 김유정로 1430-14,033-261-4651,300,Y,2020116,20201129
박사마을 어린이 글램핑장,강원 춘천시 서면 박사로 770,033-259-5824,300,Y,2020118,20201118
백령아트센터(예정),강원도 춘천시 강원대학길 1,033-259-5874,500,Y,20201115,20201116
축제극장 몸짓,강원도 춘천시 춘천로 112,033-259-5824,46,Y,20201115,20201118
강원대학교 백령체육관,강원도 춘천시 춘천로 112,033-259-5824,294,Y,2020117,20201119
축제극장몸짓,강원도 춘천시 춘천로 112,033-259-5824,90,Y,2020111,20201125
춘천문화예술회관,강원도 춘천시 효자상길5번길 13,033-259-5821,500,Y,20201113,20201119
문화예술회관 대공연장,강원도 태백시 고원로 203(황지동),033-550-2781,786,Y,2020118,20201120
문화예술회관 소공연장,강원도 태백시 고원로 203(황지동),033-550-2781,786,Y,20201114,20201130
문화예술회관 전시컨벤션홀,강원도 태백시 고원로 203(황지동),033-550-2781,345,Y,2020116,20201124
평창문화예술회관,강원도 평창군 평창읍 문화예술길 51,033-330-2057,430,Y,20201115,20201128
붕어섬 특설무대,강원도 화천군 화천읍 화천새싹길 45,033-440-2226,345,Y,20201111,20201118
화천문화예술회관,강원도 화천군 화천읍 화천새싹길 45,033-440-2226,493,Y,2020116,20201127
가평군 자라섬(자전거 대여소 앞),경기도 가평군 가평읍 자라섬로 60,031-580-2061,6567,Y,20201110,20201116
가평군 문화예술회관,경기도 가평군 가평읍 문화로 153,031-580-2061,641,Y,20201115,20201121
시민회관 대극장,경기도 과천시 통영로 5,02-507-4009,929,Y,2020117,20201126
광명동굴,경기도 광명시 가학로85번길 142,070-4277-8902,345,Y,2020115,20201125
광명동굴(라스코전시관),경기도 광명시 가학로85번길 142,070-4277-8902,345,Y,2020115,20201130
소하도서관,경기도 광명시 소하일로 7,02-2680-0903,180,Y,20201114,20201128
소하도서관,경기도 광명시 소하일로 8,02-2680-0903,180,Y,2020116,20201123
소하도서관,경기도 광명시 소하일로 9,02-2680-0903,180,Y,2020114,20201126
소하도서관,경기도 광명시 소하일로 10,02-2680-0903,180,Y,2020114,20201119
소하도서관,경기도 광명시 소하일로 11,02-2680-0903,180,Y,20201112,20201130
소하도서관,경기도 광명시 소하일로 12,02-2680-0903,180,Y,2020114,20201123
시민회관,경기도 광명시 시청로19 광명시민회관,02-2680-6063,500,Y,20201115,20201120
시민회관,경기도 광명시 시청로30 광명시민회관,02-2680-2162,500,Y,2020112,20201118
시민회관,경기도 광명시 시청로32 광명시민회관,02-2680-6867,500,Y,2020117,20201116
시민회관,경기도 광명시 시청로33 광명시민회관,02-2680-2064,500,Y,2020114,20201129
시민회관,경기도 광명시 시청로17 광명시민회관,02-2680-6867,500,Y,20201114,20201120
시민회관,경기도 광명시 시청로21 광명시민회관,02-2680-6867,500,Y,2020112,20201127
시민회관,경기도 광명시 시청로22 광명시민회관,02-2680-6063,500,Y,20201110,20201116
시민회관,경기도 광명시 시청로23 광명시민회관,02-2680-6867,500,Y,2020115,20201123
시민회관,경기도 광명시 시청로24 광명시민회관,02-899-1664,500,Y,20201115,20201130
시민회관,경기도 광명시 시청로25 광명시민회관,02-2680-6335,500,Y,2020119,20201120
시민회관,경기도 광명시 시청로27 광명시민회관,02-2680-6867,500,Y,20201112,20201117
시민회관,경기도 광명시 시청로28 광명시민회관,02-2619-1393,500,Y,20201112,20201123
시민회관,경기도 광명시 시청로 20 광명시민회관,02-2680-2160,500,Y,20201113,20201116
시민회간,경기도 광명시 시청로 20 광명시민회관,02-2680-6336,500,Y,2020116,20201121
시민회관,경기도 광명시 시청로30 광명시민회관,02-2680-6063,500,Y,2020115,20201117
도자공원 야외공연장,경기도 광주시 곤지암읍 경충대로 727,031-760-2726,345,Y,20201114,20201129
남한산성 전통공원,경기도 광주시 남한산성면 남한산성로 731,031-8008-5157,345,Y,2020117,20201129
코스모스대극장,경기도 구리시 아차산로 453,031-550-8800,600,Y,2020117,20201125
유채꽃소극장,경기도 구리시 아차산로 453,031-550-8800,280,Y,2020114,20201127
빛의마루,경기도 구리시 아차산로 453,031-550-8800,100,Y,20201115,20201120
스튜디오A,경기도 구리시 아차산로 453,031-550-8800,80,Y,2020116,20201118
군포문화에술회관,경기도 군포시 고산로 599(산본동),031-390-3568,345,Y,2020114,20201127
유기농테마파크,경기도 남양주시 조안면 북한강로 881,031-560-1471,345,Y,2020119,20201129
북한강야외공연장,경기도 남양주시 화도읍 북한강로 1554,031-590-4598,500,Y,2020119,20201123
두드림뮤직센터,경기도 동두천시 상패로216번길 42,031-860-2627,150,Y,20201113,20201123
축산물브랜드육타운,경기도 동두천시 평화로 2910번길 30,031-860-2063,500,Y,2020112,20201117
어린이박물관,경기도 동두천시 평화로 2910번길 46,031-860-2063,500,Y,2020113,20201121
자유수호평화박물관,경기도 동두천시 평화로2910번길 96-63,031-860-3333,500,Y,2020119,20201124
시민회관,경기도 동두천시 어수로 4,031-860-2063,500,Y,20201113,20201122
중앙교통광장 무대,경기도 동두천시 중앙로 268,031-860-2063,500,Y,2020119,20201121
중앙공원,경기도 동두천시 중앙로 268,031-860-2063,500,Y,2020112,20201124
종합운동장,경기도 동두천시 어등로 45,031-860-2112,700,Y,2020118,20201117
세아프라자,경기도 동두천시 큰시장로 64,031-860-2063,500,N,20201115,20201121
지행역광장,경기도 동두천시 평화로 2285,031-860-2063,500,Y,2020117,20201122
지행역(1층),경기도 동두천시 평화로 2285,031-860-2064,200,Y,2020119,20201127
온누리약국,경기도 동두천시 지행로 59,031-860-2063,500,N,20201114,20201118
부천마루광장,경기도 부천시 부천로 3,032-625-3111,789,N,2020113,20201128
부천시청 잔디광장,경기도 부천시 길주로 210,032-625-3111,789,Y,2020111,20201116
부천시민회관 대극장,경기도 부천시 부일로 365(중동),031-481-4097,1300,Y,2020119,20201121
복정초등학교 체육관,경기도 성남시 분당구 성남대로 808,031-729-4807,500,Y,20201111,20201117
성남아트센터 앙상블시어터,경기도 성남시 분당구 성남대로 808,031-729-4808,378,Y,20201114,20201119
성남아트센터 콘서트홀,경기도 성남시 분당구 성남대로 808,031-729-4809,984,Y,2020117,20201126
성남아트센터 오페라하우스,경기도 성남시 분당구 성남대로 808,031-729-4810,1808,Y,2020118,20201116
유튜브,경기도 성남시 분당구 성남대로 809,031-729-4807,456,Y,20201112,20201118
성남아트센터 오페라하우스,경기도 성남시 분당구 성남대로 809,031-729-4809,1808,Y,2020116,20201120
성남아트센터 앙상블시어터,경기도 성남시 분당구 성남대로 809,031-729-4809,1808,Y,20201115,20201120
네이버TV,경기도 성남시 분당구 성남대로 809,031-729-4809,456,Y,20201114,20201117
"국악방송, 유튜브",경기도 성남시 분당구 성남대로 809,031-729-4810,678,Y,20201112,20201119
평생학습센터 대공연장,경기도 시흥시 은행로 173길 14,031-310-6738,67,Y,2020115,20201122
ABC행복학습타운,경기도 시흥시 소래산길 11,031-310-6733,300,Y,20201115,20201129
ABC행복학습타운 ABC홀,경기도 시흥시 소래산길 11,031-310-6738,350,Y,2020114,20201127
ABC행복학습타운 ABC홀,경기도 시흥시 소래산길 11 시흥ABC행복학습타운,031-310-6264,402,Y,20201114,20201129
월곶예술공판장 아트독,경기도 시흥시 월곶해안로 205,031-310-6733,100,Y,2020115,20201119
월곶예술공판장 아트독,경기도 시흥시 월곶해안로 205,031-320-6737,567,Y,2020114,20201121
시흥시청 늠내홀,경기도 시흥시 시청로 20,031-310-6733,300,Y,2020118,20201122
안산중앙도서관,경기도 안산시 단원구 안산천남로 14(고잔동),031-481-4098,567,Y,2020119,20201117
문화광장 전망대광장,경기도 안산시 단원구 광덕대로 206(고잔동),031-481-4097,1000,Y,2020115,20201130
문화광장,경기도 안산시 단원구 광덕대로 206(고잔동),031-481-4098,234,Y,20201111,20201122
안산문화광장 전망대광장,경기도 안산시 단원구 화랑로 312(고잔동),031-481-2068,1000,Y,20201113,20201126
안산문화예술의전당 별무리극장,경기도 안산시 단원구 화랑로 312(고잔동),031-481-2068,160,Y,2020115,20201121
안산문화예술의전당,경기도 안산시 단원구 화랑로 312(고잔동),031-481-2069,1300,Y,2020116,20201117
안산문화예술의전당 해돋이극장,경기도 안산시 단원구 화랑로 312(고잔동),031-481-4097,1000,Y,2020113,20201124
안산문화예술의전당 달맞이극장,경기도 안산시 단원구 화랑로 312(고잔동),031-481-4097,700,Y,2020112,20201120
서울 예술의전당,경기도 안산시 단원구 화랑로 312(고잔동),031-481-4098,2300,Y,20201112,20201124
안산문화예술의전당 달맞이극장,경기도 안산시 단원구 화랑로 312,031-481-5061,700,Y,2020115,20201118
대부도 유리섬미술관 야외공연장,경기도 안산시 단원구 부흥로 254(대부남동),031-481-2068,1500,Y,2020115,20201122
화랑유원지 소공연장,경기도 안산시 단원구 화랑로 259(초지동),031-481-4098,1000,Y,2020119,20201126
상록수체육관,경기도 안산시 상록구 용신로 422(본오동),031-481-2068,2500,Y,2020112,20201125
성포예술광장,경기도 안산시 상록구 성포로 6,031-481-4098,1000,Y,20201110,20201120
성호공원,경기도 안산시 상록구 성호로 113,031-481-4098,1234,Y,2020113,20201122
안성맞춤아트홀 대공연장,경기도 안성시 발화대길 21,031-678-5414,914,Y,2020111,20201121
안성맞춤아트홀 전시실,경기도 안성시 발화대길 21,031-678-5414,25,Y,2020112,20201121
안성맞춤아트홀 소공연장,경기도 안성시 발화대길 21,031-678-5414,300,Y,2020115,20201119
경기섬유종합지원센터,경기도 양주시 평화로 1215,031-836-5141,500,Y,2020117,20201118
연천수레울아트홀 소공연장,경기도 연천군 연천읍 문화로 150,031-834-3770,195,Y,20201110,20201119
연천수레울아트홀 대공연장,경기도 연천군 연천읍 문화로 150,031-955-5982,580,Y,20201115,20201122
오산문화예술회관 대공연장,경기도 오산시 경기동로 41,031-375-7755,700,Y,20201115,20201128
보정역생활문화센터,경기도 용인시 기흥구 용구대로 2585,031-262-5875,200,Y,20201113,20201124
용인포은아트홀,경기도 용인시 수지구 포은대로 499,031-260-3356,1127,Y,20201114,20201128
큰어울마당,경기도 용인시 수지구 문정로7번길 15,031-260-3355,352,Y,2020111,20201123
처인홀,경기도 용인시 처인구 중부대로 1392번길 15,031-260-3355,606,Y,20201110,20201130
계원대학교 우경관,경기도 의왕시 계원대학로 66,031-345-2532,979,Y,2020116,20201122
의정부아트캠프,경기도 의정부시 평화로 493번길 48(의정부동),031-828-5841,80,N,2020111,20201128
의정부예술의전당 대극장,경기도 의정부시 의정로 1 (의정부동),031-828-5841,345,Y,2020113,20201118
의정부문화재단 유튜브채널,경기도 의정부시 의정로 1 (의정부동),031-828-5841,345,N,2020111,20201125
나라방송+유튜브 채널 방영,경기도 의정부시 의정로 1 (의정부동),031-828-5841,345,N,2020112,20201117
의정부문화재단 네이버TV,경기도 의정부시 의정로 1 (의정부동),031-828-5841,345,N,20201115,20201121
네이버TV+유튜브 채널 라이브 중계,경기도 의정부시 의정로 1 (의정부동),031-850-5141,345,N,2020113,20201122
파주시민회관 소공연장,경기도 파주시 시민회관길 33,031-944-3396,345,Y,2020118,20201124
임진각 평화누리,경기도 파주시 문산읍 임진각로 148-40,031-853-9472,345,Y,2020111,20201128
남부문화예술회관,경기도 평택시 중앙로 277,031-8024-3224,345,Y,2020117,20201128
아트밸리 산마루 공연장,경기도 포천시 신북면 아트밸리로 234,031-538-3483,450,Y,2020117,20201123
천주호 호수 상설무대,경기도 포천시 신북면 아트밸리로 234,031-538-3483,450,Y,20201110,20201126
포천 아트밸리  (호수 공연장),경기도 포천시 신북면 아트밸리로 234,031-538-3489,450,Y,2020117,20201121
하남시청 농구대광장,경기도 하남시 하남대로565번길 115,031-796-4585,500,Y,2020118,20201125
누림아트홀,경기도 화성시 남양읍 시청로 155,1899-3254,392,Y,2020117,20201126
반석아트홀,경기도 화성시 노작로 134,1588-5234,548,Y,2020115,20201126
거창문화센터,경상남도 거창군 거창읍 수남로 2181,055-940-8460,710,Y,20201113,20201128
고성군문화체육센터,경상남도 고성군 고성읍 송학고분로 193,055-670-2203,370,Y,2020111,20201128
고성오광대전수교육관,경상남도 고성군 고성읍 남해안대로 2571,055-674-2582,200,Y,2020114,20201120
고성시장,경상남도 고성군 고성읍 중앙로25번길 57,055-670-2203,200,Y,2020117,20201116
고성 남산오토캠핑장,경상남도 고성군 고성읍 공룡로 3165,055-670-2203,300,Y,2020115,20201117
고성농요보존회,경상남도 고성군 상리면 척번정7길 26,055-674-2668,500,Y,2020116,20201129
당항포관광지,경상남도 고성군 회화면 당항만로 1116,055-674-2582,1000,Y,20201110,20201118
국립김해박물관,경상남도 김해시 가야의길 190,055-320-6800,235,Y,2020114,20201122
연지공원,경상남도 김해시 금관대로1368번길 7,055-330-3216,500,Y,2020116,20201123
"김해문화의전당, 연지공원",경상남도 김해시 김해대로 2060,055-330-3216,500,Y,2020114,20201119
김해문화의전당,경상남도 김해시 김해대로 2060,055-330-4944,1000,Y,20201110,20201116
"김해문화의전당, 서부문화센터",경상남도 김해시 김해대로 2060,055-330-4944,1000,Y,2020114,20201125
남해국제탈공연예술촌,경상남도 남해군 이동면 남해대로 2412,055-860-3790,120,Y,20201110,20201118
"밀양연극촌,밀양아리랑아트센터",경상남도 밀양시 창밀로3097-16,055-359-4572,345,Y,20201114,20201127
사천시문화예술회관,경상남도 사천시 삼천포대교로 471,055-831-2460,834,Y,20201111,20201116
사천시문화예술회관,경상남도 사천시 삼천포대교로 471,055-832-9710,815,Y,2020119,20201128
산청문화예술회관,경상남도 산청군 금서면 친환경로2631번길 12,055-970-6403,498,Y,2020113,20201126
양산문화예술회관 대공연장,경상남도 양산시 중앙로 39-1(남부동),055-379-8550,834,Y,2020115,20201117
양산문화예술회관 대공연장,경상남도 양산시 중앙로 39-1,055-392-2543,834,Y,2020113,20201128
양산시 노인복지관,경상남도 양산시 북안남5길 27,055-392-2543,100,Y,20201113,20201122
부림시장주차장,경상남도 의령군 부림면 신번로,055-573-2034,200,Y,2020115,20201129
국립진주박물관,경상남도 진주시 남강로 626-35,055-740-0698,423,Y,2020119,20201128
3.15 아트센터소극장,경상남도 창원시 마산회원구 삼호로 135(양덕동),055-299-5832,510,Y,20201110,20201121
3.15 아트센터대극장,경상남도 창원시 마산회원구 삼호로 135(양덕동),055-299-5832,1182,Y,2020112,20201125
성산아트홀대극장,경상남도 창원시 의창구 중앙대로 181 (용호동),055-299-5832,1690,Y,2020119,20201121
성산아트홀소극장,경상남도 창원시 의창구 중앙대로 181 (용호동),055-299-5832,510,Y,2020116,20201127
통영국제 음악당(레스토랑아르떼),경상남도 통영시 큰발개1길 38,055-650-0400,345,Y,20201110,20201128
통영국제 음악당(블랙박스홀),경상남도 통영시 큰발개1길 38,055-650-0400,345,Y,20201115,20201121
통영국제 음악당(콘서트홀),경상남도 통영시 큰발개1길 38,055-650-0400,345,Y,2020112,20201118
남망산공원,경상남도 통영시 남망공원길 29,055-649-2900,345,Y,2020117,20201127
통영시민문화회관 대극장,경상남도 통영시 남망공원길 29,055-650-0400,345,Y,2020112,20201119
삼도수군통제영 중영,경상남도 통영시 세병로 27,055-646-3310,345,Y,2020114,20201124
통제영,경상남도 통영시 세병로 27,055-650-4542,345,Y,20201114,20201127
최참판댁,경상남도 하동군 평사리길 76-23,055-880-2363,100,Y,20201110,20201124
하동군 문화예술회관 대공연장,경상남도 하동군 하동읍 섬진강대로 2222,055-880-2363,600,Y,2020119,20201125
하동군 종합사회복지관 다목적실,경상남도 하동군 하동읍 섬진강대로 2222,055-880-2363,150,Y,20201114,20201129
하동군 문화예술회관 대공연장,경상남도 하동군 하동읍 섬진강대로 2222,055-880-2363,600,Y,20201111,20201130
대장경테마파크,경상남도 합천군 가야면 가야산로 1160,055-930-4696,500,Y,2020118,20201121
정양레포츠공원,경상남도 합천군 대양면 동부로 39-13,055-930-4666,500,Y,20201110,20201122
영상테마파크,경상남도 합천군 용주면 합천호수로 757,055-930-3752,500,Y,20201111,20201119
경산시민회관,경상북도 경산시 계양로 28,053-810-5359,724,Y,20201110,20201129
경주예술의전당 (원화홀),경상북도 경주시 알천북로 1,054-748-7722,331,Y,2020113,20201124
경주예술의전당(화랑홀),경상북도 경주시 알천북로 1,1588-4925,500,Y,20201115,20201118
경주예술의전당(원화홀),경상북도 경주시 알천북로 1,1588-4925,150,Y,20201114,20201120
경주예술의전당(어울마당),경상북도 경주시 알천북로 1,1588-4925,400,Y,2020112,20201129
문화누리관 우륵홀,경상북도 고령군 대가야읍 왕릉로 30,054-950-6313,638,Y,20201110,20201127
문화누리관,경상북도 고령군 대가야읍 왕릉로 30,054-950-7018,605,Y,2020112,20201119
삼국유사교육문회회관,경상북도 군위군 군청로 158,054-380-7212,457,Y,2020115,20201118
김천종합스포츠타운 야외공연장,경상북도 김천시 운동장길 1,054-420-6064,345,Y,20201110,20201120
문희아트홀,경상북도 문경시 신흥로103,054-550-8395,316,Y,20201110,20201116
대공연장,경상북도 문경시 신흥로103,054-550-8395,310,Y,2020111,20201117
상주문화회관 대공연장,경상북도 상주시 상산로 235,054-537-6215,512,N,2020115,20201117
상설갤러리,경상북도 안동시 축제장길 66,054-840-3601,345,Y,2020118,20201126
야외 및 상설갤러리,경상북도 안동시 축제장길 66,054-840-3602,345,Y,2020119,20201123
상설/5갤러리,경상북도 안동시 축제장길 66,054-840-3602,345,Y,2020119,20201129
상설,경상북도 안동시 축제장길 66,054-840-3602,345,Y,2020115,20201124
"웅부홀, 백조홀",경상북도 안동시 축제장길 66,054-843-3050,1272,Y,20201111,20201119
34갤러리,경상북도 안동시 축제장길 66,054-843-5531,345,Y,2020115,20201127
34/35갤러리,경상북도 안동시 축제장길 66,054-848-8809,345,Y,2020118,20201129
백조홀,경상북도 안동시 축제장길 66,054-857-1767,276,Y,20201111,20201129
전관,경상북도 안동시 축제장길 66,054-859-8886,345,Y,2020112,20201118
예주문화예술회관,경상북도 영덕군 영해면 318만세길 36,054-730-7771,531,Y,20201110,20201122
예주문화예술회관,경상북도 영덕군 영해면 318만세길 37,054-730-7771,531,Y,20201115,20201116
예주문화예술회관,경상북도 영덕군 영해면 318만세길 38,054-730-7771,531,Y,20201113,20201124
예주문화예술회관,경상북도 영덕군 영해면 318만세길 39,054-730-7771,531,Y,2020112,20201122
예주문화예술회관,경상북도 영덕군 영해면 318만세길 40,054-730-7771,531,Y,2020111,20201119
예주문화예술회관,경상북도 영덕군 영해면 318만세길 41,054-730-7771,531,Y,2020114,20201127
영주문화예술회관까치홀,경상북도 영주시 가흥로 257,054-639-5952,250,Y,20201111,20201116
영주문화예술회관철쭉갤러리,경상북도 영주시 가흥로 257,054-639-5952,250,Y,2020117,20201128
영천시민회관스타홀,경상북도 영천시 시청로 17,054-330-6454,791,Y,20201115,20201129
한천 도효자마당,경상북도 예천군 예천읍 한천길 35,054-655-6677,345,Y,20201115,20201119
한마음회관 대공연장,경상북도 울릉군 울릉읍 울릉순환로 286,054-790-6425,425,Y,2020117,20201128
울진연호문화센터,경상북도 울진군 울진읍 연호로 47,054-789-5453,736,Y,2020114,20201129
울진문화예술회관,경상북도 울진군 후포면 후포삼율로 194-14,054-789-5454,492,Y,20201110,20201119
국민체육센터,경상북도 의성군 단북면 안계길 251,054-830-6946,400,Y,20201115,20201126
문화회관,경상북도 의성군 의성읍 충효로 88,054-830-6945,998,Y,2020113,20201125
청도야외공연장,경상북도 청도군 화양읍 청려로 1846,054-370-6376,5000,Y,2020113,20201120
안덕면 안덕시장 내,경상북도 청송군 안덕면 안덕로 70-3,054-870-6067,123,Y,20201112,20201122
안덕면 지소리 일원,경상북도 청송군 안덕면 방호정로 547,054-870-6281,123,Y,2020114,20201121
주왕산면 대전사 일원,경상북도 청송군 주왕산면 공원길 226,054-870-6067,123,Y,2020117,20201117
주왕산상의야영장,경상북도 청송군 주왕산면 공원길 169-7,054-870-6067,123,Y,2020118,20201117
군립청송야송미술관,경상북도 청송군 진보면 경동로 5162,054-870-6563,123,Y,20201112,20201130
진보객주문학관,경상북도 청송군 진보면 청송로 6359,054-870-6067,123,Y,2020111,20201128
청송문화예술회관 소공연장,경상북도 청송군 청송읍 금월로244-30,054-870-6070,123,Y,2020113,20201124
청송문화예술회관 대공연장,경상북도 청송군 청송읍 금월로273,054-870-6070,123,Y,20201110,20201117
군립청송야송미술관,경상북도 청송군 청송읍 금월로244-30,054-870-6536,123,Y,20201111,20201129
청송문화예술회관 대공연장,경상북도 청송군 청송읍 금월로244-30,054-870-6564,123,Y,2020112,20201118
소헌공원,경상북도 청송군 청송읍 금월로 273,054-870-6067,123,Y,2020115,20201124
청송읍 용전천 일원,경상북도 청송군 청송읍 강변로 101,054-870-6067,123,Y,2020113,20201119
현서문화체육공원,경상북도 청송군 현서면 구산동로 31-1,054-870-6067,123,Y,20201112,20201119
칠곡군 교육문화획관,경상북도 칠곡군 왜관읍 관문로 1길 32,054-979-5105,710,Y,2020119,20201128
칠곡군교육문화회관,경상북도 칠곡군 왜관읍 관문로1길 32,054-979-5105,710,Y,20201111,20201121
칠곡군교육문화회관,경상북도 칠곡군 왜관읍 관문로1길 32,054-979-5105,710,Y,2020115,20201118
평동역,광주광역시 광산구 평동로 870,062-604-8103,50,N,2020115,20201118
양림동일원 및 사직공원,광주광역시 남구 사직길 49,062-607-2312,123,Y,2020118,20201117
국립아시아문화전당 일대,광주광역시 동구 광산동 문화전당로 38,1899-5566,123,Y,20201114,20201118
문화정보원 B3 극장3,광주광역시 동구 광산동 문화전당로 38,1899-5566,123,Y,2020118,20201121
문화창조원 복합1관,광주광역시 동구 광산동 문화전당로 38,1899-5566,123,Y,20201115,20201121
문화창조원 복합2관,광주광역시 동구 광산동 문화전당로 38,1899-5566,123,Y,2020117,20201117
문화창조원,광주광역시 동구 광산동 문화전당로 38,1899-5566,123,Y,20201112,20201116
문화정보원 대강의실,광주광역시 동구 광산동 문화전당로 38,1899-5566,123,Y,2020111,20201117
예술극장 극장1,광주광역시 동구 광산동 문화전당로 38,1899-5566,123,Y,20201111,20201117
극장오픈홀,광주광역시 동구 광산동 문화전당로 38,1899-5566,123,Y,20201115,20201124
민주평화교류원 기념관 3관,광주광역시 동구 광산동 문화전당로 38,1899-5566,56,Y,20201114,20201121
라이브러리파크,광주광역시 동구 광산동 문화전당로 38,1899-5566,7567,Y,20201115,20201119
문화창조원 복합3관,광주광역시 동구 광산동 문화전당로 38,1899-5566,567,Y,20201110,20201117
문화정보원,광주광역시 동구 광산동 문화전당로 38,1899-5566,567,Y,2020119,20201128
예술의 거리,광주광역시 동구 광산동 문화전당로 38,1899-5566,567,Y,2020116,20201116
극장2,광주광역시 동구 광산동 문화전당로 38,1899-5566,345,Y,20201115,20201125
예술극장 극장2,광주광역시 동구 광산동 문화전당로 38,1899-5566,234,Y,2020113,20201117
어린이창작실험실,광주광역시 동구 광산동 문화전당로 38,1899-5566,234,Y,2020112,20201116
아시아문화광장,광주광역시 동구 광산동 문화전당로 38,1899-5566,234,Y,20201111,20201126
문화창조원 복합5관,광주광역시 동구 광산동 문화전당로 38,1899-5566,234,Y,2020116,20201120
두산아트센터,광주광역시 동구 광산동 문화전당로 38,1899-5566,234,Y,2020116,20201126
어린이극장,광주광역시 동구 광산동 문화전당로 38,1899-5566,23,Y,2020112,20201120
ACT스튜디오2,광주광역시 동구 광산동 문화전당로 38,1899-5566,234,Y,2020118,20201116
강의실2,광주광역시 동구 광산동 문화전당로 38,1899-5566,234,Y,2020119,20201123
어린이체험관,광주광역시 동구 광산동 문화전당로 38,1899-5566,234,Y,2020113,20201116
아틀리에2,광주광역시 동구 광산동 문화전당로 38,1899-5566,234,Y,2020119,20201116
어린이도서관,광주광역시 동구 광산동 문화전당로 38,1899-5566,234,Y,2020111,20201125
"아카데미 A,B,C실",광주광역시 동구 광산동 문화전당로 38,1899-5566,234,Y,20201110,20201117
강의실1,광주광역시 동구 광산동 문화전당로 38,1899-5566,234,Y,2020116,20201126
아카데미체험실,광주광역시 동구 광산동 문화전당로 38,1899-5566,234,Y,2020113,20201117
아틀리에1,광주광역시 동구 광산동 문화전당로 38,1899-5566,234,Y,20201115,20201120
라이브러리파크 기획관2,광주광역시 동구 광산동 문화전당로 38,1899-5566,234,Y,20201114,20201116
어린이문화원 옥상 야외놀이터,광주광역시 동구 광산동 문화전당로 38,1899-5566,234,Y,2020115,20201130
문화창조원 복합4관,광주광역시 동구 광산동 문화전당로 38,1899-5566,234,Y,20201111,20201120
어린이문화원 매표소 앞 로비,광주광역시 동구 광산동 문화전당로 38,1899-5566,234,Y,20201113,20201129
어린이문화원 다목적홀,광주광역시 동구 광산동 문화전당로 38,1899-5566,234,Y,2020111,20201123
어린이문화원 일대,광주광역시 동구 광산동 문화전당로 38,1899-5566,234,Y,2020114,20201127
국제회의실(콘퍼런스홀),광주광역시 동구 광산동 문화전당로 38,1899-5566,234,Y,2020112,20201128
라이브러리파크 라운지,광주광역시 동구 광산동 문화전당로 38,1899-5566,234,Y,2020117,20201129
민주평화교류원(지하1층),광주광역시 동구 광산동 문화전당로 38,1899-5566,234,Y,2020112,20201116
어린이창작실험실(영유아실),광주광역시 동구 광산동 문화전당로 38,1899-5566,234,Y,2020115,20201123
문화창조원 복합6관,광주광역시 동구 광산동 문화전당로 38,1899-5566,234,Y,2020113,20201123
라이브러리파크 블랙박스,광주광역시 동구 광산동 문화전당로 38,1899-5566,40,Y,2020117,20201130
아카데미실 C,광주광역시 동구 광산동 문화전당로 38,1899-5566,65,Y,2020113,20201130
아카데미실 B,광주광역시 동구 광산동 문화전당로 38,1899-5566,56,Y,2020117,20201120
민주평화교류원 레스토랑 ACC 숲(B3),광주광역시 동구 광산동 문화전당로 38,1899-5566,60,Y,20201110,20201123
"아카데미 A,B실",광주광역시 동구 광산동 문화전당로 38,1899-5566,45,Y,2020113,20201118
어린이창작실험실(생활문화실),광주광역시 동구 광산동 문화전당로 38,1899-5566,35,Y,20201111,20201116
아카데미실 A,광주광역시 동구 광산동 문화전당로 38,1899-5566,35,Y,2020117,20201126
민주평화교류원 지하2층,광주광역시 동구 광산동 문화전당로 38,1899-5566,35,Y,2020118,20201123
나눔광장,광주광역시 동구 광산동 문화전당로 38,1899-5566,35,Y,2020116,20201128
문화교류협력센터,광주광역시 동구 광산동 문화전당로 38,1899-5566,35,Y,2020116,20201123
예술극장 극장1 야외무대,광주광역시 동구 광산동 문화전당로 38,1899-5566,35,Y,2020115,20201129
ACT 스튜디오1,광주광역시 동구 광산동 문화전당로 38,1899-5566,35,Y,2020115,20201121
극장2 외 3곳,광주광역시 동구 광산동 문화전당로 38,1899-5566,35,Y,20201111,20201119
콘퍼런스홀 등 5곳,광주광역시 동구 광산동 문화전당로 38,1899-5566,35,Y,2020119,20201116
라이브러리파크 강의실1(B4),광주광역시 동구 광산동 문화전당로 38,1899-5566,25,Y,20201113,20201125
라이브러리파크 강의실2(B4),광주광역시 동구 광산동 문화전당로 38,1899-5566,20,Y,20201115,20201126
ACT 스튜디오3,광주광역시 동구 광산동 문화전당로 38,1899-5566,30,Y,2020112,20201130
민주평화교류원(옛 전남도청 별관 2층),광주광역시 동구 광산동 문화전당로 38,1899-5566,30,Y,2020114,20201118
아카데미실 B 등,광주광역시 동구 광산동 문화전당로 38,1899-5566,30,Y,20201112,20201129
어린이창작실험실(표현활동실),광주광역시 동구 광산동 문화전당로 38,1899-5566,30,Y,20201110,20201129
어린이창작실험실(미디어실),광주광역시 동구 광산동 문화전당로 38,1899-5566,30,Y,20201112,20201124
ACC메이커스페이스 커뮤니티라운지 (민주평화교류원 지하 2층),광주광역시 동구 광산동 문화전당로 38,1899-5566,30,Y,2020114,20201117
문화정보원 B2 강의실,광주광역시 동구 광산동 문화전당로 38,1899-5566,28,Y,20201113,20201126
ACC 아시아창작스튜디오(구 서구청),광주광역시 동구 광산동 문화전당로 38,1899-5566,28,Y,20201112,20201125
광주시민회관,광주광역시 동구 광산동 문화전당로 38,1899-5566,28,Y,20201115,20201117
문화창조원 등,광주광역시 동구 광산동 문화전당로 38,1899-5566,28,Y,2020113,20201128
국제회의실(콘퍼런스홀) 등,광주광역시 동구 광산동 문화전당로 38,1899-5566,28,Y,2020118,20201119
"아카데미 A, C실",광주광역시 동구 광산동 문화전당로 38,1899-5566,15,Y,2020114,20201124
민주평화교류원 B1(메이커스페이스 팹스튜디오),광주광역시 동구 광산동 문화전당로 38,1899-5566,15,Y,2020111,20201129
극장1 외 2곳,광주광역시 동구 광산동 문화전당로 38,1899-5566,15,Y,2020115,20201128
5·18민주평화기념관(옛 전남도청 별관),광주광역시 동구 광산동 문화전당로 38,1899-5566,30,Y,20201112,20201117
극장1 야외무대,광주광역시 동구 광산동 문화전당로 38,1899-5566,34,Y,20201110,20201117
라이브러리파크 극장3 로비,광주광역시 동구 광산동 문화전당로 38,1899-5566,34,Y,2020111,20201124
지정협력기관 및 자유선정 해외문화예술기관,광주광역시 동구 광산동 문화전당로 38,1899-5566,34,Y,20201113,20201120
문화정보원 및 문화창조원,광주광역시 동구 광산동 문화전당로 38,1899-5566,45,Y,2020111,20201118
문화창조원 복합3관 및 복합4관,광주광역시 동구 광산동 문화전당로 38,1899-5566,45,Y,20201115,20201130
어린이극장 외,광주광역시 동구 광산동 문화전당로 38,1899-5566,45,Y,2020118,20201118
아시아문화광장 미디어월,광주광역시 동구 광산동 문화전당로 38,1899-5566,45,Y,20201112,20201121
문화정보원 특별열람실(B4),광주광역시 동구 광산동 문화전당로 38,1899-5566,45,Y,20201110,20201128
라이브러리파크 강의실1(B4) 외,광주광역시 동구 광산동 문화전당로 38,1899-5566,45,Y,2020117,20201120
민주평화교류원(옛 전남도청 일원),광주광역시 동구 광산동 문화전당로 38,1899-5566,45,Y,20201110,20201120
라이브러리파크 기획관3,광주광역시 동구 광산동 문화전당로 38,1899-5566,45,Y,2020115,20201121
국립광주과학관&44; 국립아시아문화전당,광주광역시 동구 광산동 문화전당로 38,1899-5566,45,Y,2020115,20201124
문화정보원 아카데미 체험실1,광주광역시 동구 광산동 문화전당로 38,1899-5566,45,Y,2020117,20201122
문화창조원 복합1관 외,광주광역시 동구 광산동 문화전당로 38,1899-5566,45,Y,2020117,20201119
유아놀이터,광주광역시 동구 광산동 문화전당로 38,1899-5566,100,Y,20201114,20201125
라이브러리파크 기획관1,광주광역시 동구 광산동 문화전당로 38,1899-5566,100,Y,20201115,20201117
민주평화교류원 지하1층,광주광역시 동구 광산동 문화전당로 38,1899-5566,100,Y,2020117,20201119
민주평화교류원 B2 메이커스페이스 외 2곳,광주광역시 동구 광산동 문화전당로 38,1899-5566,100,Y,20201115,20201120
라이브러리파크 북라운지,광주광역시 동구 광산동 문화전당로 38,1899-5566,100,Y,20201113,20201127
극장1 등,광주광역시 동구 광산동 문화전당로 38,1899-5566,100,Y,20201110,20201127
라이브러리파크 대나무정원,광주광역시 동구 광산동 문화전당로 38,1899-5566,100,Y,2020113,20201127
ACC메이커스페이스 커뮤니티라운지 외 1곳,광주광역시 동구 광산동 문화전당로 38,1899-5566,100,Y,20201111,20201124
국립아시아문화전당 일대 등,광주광역시 동구 광산동 문화전당로 38,1899-5566,100,Y,20201113,20201128
라이브러리파크 주제전문관,광주광역시 동구 광산동 문화전당로 38,1899-5566,100,Y,20201112,20201126
유아교육기관,광주광역시 동구 광산동 문화전당로 38,1899-5566,100,Y,2020118,20201116
서울문화재단 대학로 연습실,광주광역시 동구 광산동 문화전당로 38,1899-5566,100,Y,2020115,20201116
문화정보원 B2 로비,광주광역시 동구 광산동 문화전당로 38,1899-5566,100,Y,2020111,20201129
극장 로비,광주광역시 동구 광산동 문화전당로 38,1899-5566,100,Y,20201110,20201128
극장2 등,광주광역시 동구 광산동 문화전당로 38,1899-5566,100,Y,2020119,20201121
특별전시실(편의시설3),광주광역시 동구 광산동 문화전당로 38,1899-5566,100,Y,2020118,20201116
민주평화교류원 지하 2층 메이커스 스튜디오,광주광역시 동구 광산동 문화전당로 38,1899-5566,100,Y,2020118,20201118
금남로4가역,광주광역시 동구 금남로 지하 210(금남로4가),062-604-8103,100,N,20201111,20201125
동구문화센터,광주광역시 동구 남문로 646,062-225-8703,108,Y,20201114,20201124
남광주역,광주광역시 동구 제봉로 지하 1(학동),062-604-8103,50,N,20201111,20201117
국립광주박물관,광주광역시 북구 하서로 110,062-570-7000,262,Y,20201111,20201116
"광주광역시 북구 관내 근린공원, 광주패밀리랜드 등(주차장을 보유하는 장소도 있고 보유하지 않은 장소도 있음)",광주광역시 북구 우치로 677(생용동) (광주패밀리랜드),062-410-6624,200,N,20201112,20201118
전남대 후문 일대,광주광역시 북구 용봉로 77(용봉동) (전남대학교 후문 일대),062-410-6618,100,N,2020114,20201120
광주문화예술회관 소극장,광주광역시 북구 북문대로 60,062-410-6618,500,Y,20201111,20201124
농성역,광주광역시 서구 상무대로 지하 1123(농성동),062-604-8103,200,N,20201111,20201120
상무역,광주광역시 서구 상무대로 지하 777(마륵동),062-604-8103,100,Y,2020116,20201125
대구음악창작소 창공홀,대구광역시 남구 중앙대로45길 53,053-664-3104,90,Y,2020115,20201130
대덕문화전당 드림홀,대구광역시 남구 앞산순환로 478,053-664-3131,536,Y,2020117,20201130
대덕문화전당 전시실,대구광역시 남구 앞산순환로 478,053-664-3131,536,Y,20201111,20201130
대덕문화전당 옥상전망대,대구광역시 남구 앞산순환로 478,053-664-3131,345,Y,2020114,20201128
두류정수장,대구광역시 달서구 당산로 176,053-584-8719,455,Y,2020115,20201122
대구학생문화센터 대공연장,대구광역시 달서구 용산로 181,053-231-1333,1441,Y,2020119,20201125
웃는얼굴아트센터 청룡홀,대구광역시 달서구 문화회관길 160(장기동),053-584-8719,455,Y,20201115,20201118
웃는얼굴아트센터 와룡홀,대구광역시 달서구 문화회관길 160(장기동),053-584-8719,209,Y,2020117,20201123
달성군청 참꽃갤러리,대구광역시 달성군 논공읍 달성군청로 33,053-659-4293,209,Y,20201110,20201127
달성문화센터 백년홀,대구광역시 달성군 다사읍 대실역북로2길 188,053-659-4283,209,Y,20201115,20201125
"달성군립도서관, 관내 작은도서관, 관내 어린이집, 유치원",대구광역시 달성군 다사읍 달구벌대로174길 10-13,053-584-0284,209,Y,20201115,20201126
달성군립도서관,대구광역시 달성군 다사읍 달구벌대로174길 10-13,053-584-0296,209,Y,20201110,20201119
강정보 디아크 일대,대구광역시 달성군 다사읍 강정본길 57,053-659-4292,209,Y,20201115,20201116
달성군민체육관,대구광역시 달성군 현풍읍 현풍중앙로 130,053-659-4294,209,Y,20201110,20201116
화원 LH홍보관,대구광역시 달성군 화원읍 비슬로 2472,053-659-4294,209,Y,2020114,20201117
화원동산 사문진나루터,대구광역시 달성군 화원읍 사문진로1길 40-12,053-659-4282,209,Y,2020118,20201116
아양아트센터 블랙박스 극장,대구광역시 동구 효동로 2길 24,053-230-3313,250,Y,2020112,20201123
아양아트센터 아양홀,대구광역시 동구 효동로 2길 24,053-230-3313,1100,Y,20201110,20201130
어울아트센터 함지홀,대구광역시 북구 구암로 47(관음동),053-320-5120,434,Y,2020116,20201120
어울아트센터 오봉홀,대구광역시 북구 구암로 47(관음동),053-320-5140,116,Y,2020118,20201126
수성아트피아 용지홀,대구광역시 수성구 무학로 180,053-668-1800,1159,Y,20201113,20201116
수성아트피아 용지홀/무학홀,대구광역시 수성구 무학로 180,053-668-1800,1159,Y,20201113,20201121
수성아트피아 무학홀,대구광역시 수성구 무학로 180,053-668-1800,301,Y,20201112,20201128
국립대구박물관,대구광역시 수성구 청호로 321,053-768-6051,553,Y,2020115,20201122
봉산문화회관,대구광역시 중구 봉산문화길 77,053-622-1945,424,Y,20201113,20201129
봉산문화회관 스페이스라온,대구광역시 중구 봉산문화길 77,053-661-3521,90,Y,20201115,20201121
봉산문화회관 가온홀,대구광역시 중구 봉산문화길 77,053-661-3521,424,Y,2020111,20201129
뿌리공원,대전광역시 중구 뿌리공원로 79(침산동),042-606-6293,222,Y,20201112,20201128
미정,미정,032-560-4342,345,Y,2020111,20201128
동래문화회관 대극장,부산광역시 동래구 문화로 80 (명륜동),051-550-6611,511,Y,2020113,20201119
동래문화회관 원형공연장,부산광역시 동래구 문화로 80 (명륜동),051-550-6611,200,Y,2020113,20201121
동래문화회관 소극장,부산광역시 동래구 문화로 80 (명륜동),051-550-6611,200,Y,20201112,20201118
동래문화회관 전시실,부산광역시 동래구 문화로 80 (명륜동),051-550-6611,1000,Y,20201114,20201130
부산학생교육문화회관 체육관,부산광역시 부산진구 성지곡로 15 부산학생교육문화회관,051-605-5113,1408,Y,2020116,20201120
부산학생교육문화회관 광장,부산광역시 부산진구 성지곡로 15 부산학생교육문화회관,051-605-5113,500,Y,20201110,20201124
부산문화회관 대강당,부산광역시 부산진구 성지곡로 15 부산학생교육문화회관,051-605-5113,1600,Y,20201114,20201130
부산학생교육문화회관 대강당,부산광역시 부산진구 성지곡로 15 부산학생교육문화회관,051-605-5115,838,Y,20201110,20201127
부산광역시부산진구 성지곡로 15 부산학생교육문화회관 광장,부산광역시 부산진구 성지곡로 15 부산학생교육문화회관,051-605-5116,500,Y,2020116,20201119
부산광역시부산진구 성지곡로 15 부산학생교육문화회관 체육관,부산광역시 부산진구 성지곡로 15 부산학생교육문화회관,051-605-5116,1408,Y,2020117,20201130
부산광역시부산진구 성지곡로 15 부산학생교육문화회관 대강당,부산광역시 부산진구 성지곡로 15 부산학생교육문화회관,051-605-5116,838,Y,20201111,20201122
전시관 2층 과학 체험실 및 복도,부산광역시 부산진구 성지곡로 33번길 29-28,051-810-8880,20,N,20201112,20201123
전시관 내 각 층별 전시실,부산광역시 부산진구 성지곡로 33번길 29-28,051-810-8880,10,N,2020111,20201125
어린이회관 장영실관 1층 발명실,부산광역시 부산진구 성지곡로 33번길 29-28,051-810-8880,40,N,20201113,20201130
어린이회관 장영실관 2층 발명실,부산광역시 부산진구 성지곡로 33번길 29-28,051-810-8880,20,N,20201110,20201123
부산북구문화예술회관 공연장,부산광역시 북구 금곡대로46번길 50,051-309-4082,341,Y,2020111,20201120
광안리해수욕장,부산광역시 수영구 광안해변로 219,051-610-4068,341,Y,20201113,20201116
영도어린이영어도서관,부산광역시 영도구 절영로71,051-419-5674,341,Y,2020114,20201129
영도도서관,부산광역시 영도구 함지로79번길 6,051-419-4831,341,Y,20201114,20201124
영도문화예술회관 소극장,부산광역시 영도구 함지로79번길 6,051-419-4838,341,Y,2020112,20201118
영도구장애인복지관 주차장,부산광역시 영도구 함지로79번길 6,051-419-4839,341,Y,2020119,20201129
영도문화예술회관 대공연장,부산광역시 영도구 함지로79번길 6,051-419-5562,428,Y,20201112,20201116
영도문화예술회관 소공연장,부산광역시 영도구 함지로79번길 6,051-419-5571,154,Y,20201114,20201120
영도 중리항,부산광역시 영도구 태종로423,051-419-4065,345,Y,20201111,20201126
"광복로시티스폿,BIFF광장중앙무대 등",부산광역시 중구 광복중앙로 2,051-600-4084,345,N,2020116,20201123
금수현의 음악살롱 앞(대청공영주차장 옥상),부산광역시 중구 망양로 333,051-600-4062,100,Y,2020116,20201118
롯데백화점 광복점 문화홀,부산광역시 중구 중앙대로 2,051-600-4065,400,Y,2020113,20201124
유라리광장,부산광역시 중구 중앙대로 2,051-600-4065,234,Y,20201111,20201122
부산광역시부산진구 성지곡로 15 부산학생교육문화회관 대강당,부산광역시 부산진구 성지곡로 15 부산학생교육문화회관,051-605-5113,838,Y,2020114,20201130
부산문화회관 대강당,부산광역시 부산진구 성지곡로 15 부산학생교육문화회관,051-605-5113,838,Y,20201115,20201116
제1전시실,부산광역시 해운대구 양운로 97,051-749-7651,234,Y,2020116,20201116
제2전시실,부산광역시 해운대구 양운로 97,051-749-7651,234,Y,20201112,20201123
해운홀,부산광역시 해운대구 양운로 97,051-749-7662,458,Y,20201112,20201125
고운홀,부산광역시 해운대구 양운로 97,051-749-7664,130,Y,2020112,20201126
공연장,대구광역시 서구 당산로 403,053-663-3081,442,Y,2020118,20201129
경춘선숲길 화랑대역 철도공원,서울 노원구 공릉로 27길,02-2289-3464,300,Y,20201110,20201130
수락산 디자인 거리,서울 노원구 동일로 242길,02-2289-3465,100,N,2020111,20201130
수락산 당고개 지구공원,서울 노원구 상계로 273,02-2289-3465,100,N,20201114,20201129
당현천 바닥분수,서울 노원구 동일로 214길 2-2,02-2289-3464,300,N,2020114,20201120
당현천 어린이교통공원 아래 버스킹 무대,서울 노원구 덕릉로 483,02-2289-3465,300,N,20201114,20201121
중계근린공원,서울 노원구 동일로 1229,02-2289-3465,100,Y,2020115,20201122
강동아트센터 아트랑,서울특별시 강동구 동남로 870(상일동),02-440-0500,800,Y,2020112,20201123
서울특별시 강북구 강북문화예술회관 대공연장,서울특별시 강북구 삼각산로 85,02-901-6232,666,Y,20201110,20201120
"허준박물관, 허준근린공원",서울특별시 강서구 허준로5길 42,02-2600-6455,233,Y,2020113,20201124
강서구민회관,서울특별시 강서구 우장산로 66,02-2600-6634,600,Y,2020111,20201130
관악청소년회관,서울특별시 관악구 신림로23길 17,02-879-5607,218,Y,2020113,20201128
관악문화관 공연장,서울특별시 관악구 신림로3길 35,02-879-5607,690,Y,2020115,20201130
나루아트센터 대공연장,서울특별시 광진구 능동로 76,02-2049-4700,600,Y,2020115,20201127
"온라인(유튜브), 신도림 스마트구로홍보관, 안양천둔치 등",서울특별시 구로구 가마산로245,02-860-2060,234,N,2020119,20201117
도봉구 마들로 656 도봉구청 지하1층 아뜨리움,서울특별시 도봉구 마들로 656 도봉구청 지하1층 아뜨리움,02-2091-2254,100,Y,20201112,20201127
도봉구 창동역길 23 구민회관 대강당,서울특별시 도봉구 창동역길 23 구민회관 대강당,02-2091-2254,550,Y,2020117,20201124
도봉구 창동 3 창동문화마당,서울특별시 도봉구 창동 3 창동문화마당,02-2091-2254,500,Y,2020116,20201116
노량진수산시장일대,서울특별시 동작구 노들로 674,02-822-8500,500,Y,2020118,20201128
사육신공원,서울특별시 동작구 노량진로 191,02-825-0530,500,Y,2020114,20201121
노량진2동 동작도서관,서울특별시 동작구 장승배기로 94,02-820-9356,500,Y,20201113,20201117
사당동 남성초등학교,서울특별시 동작구 사당로23길 57-14,02-826-9330,500,Y,20201112,20201118
주경기장,서울특별시 마포구 성산동 월드컵로240,1661-7900,66704,Y,20201113,20201124
안산연희숲속쉼터,서울특별시 서대문구 연희로 248,02-330-1410,567,N,2020119,20201121
안산봉수대,서울특별시 서대문구 연희로 248,02-330-1550,567,N,2020117,20201125
서대문형무소 역사관,서울특별시 서대문구 통일로 251 서대문형무소역사관,02-330-1410,567,Y,2020112,20201121
풍류사랑방,서울특별시 서초구 남부순환로 2364,02-580-3300,140,Y,20201112,20201125
예악당,서울특별시 서초구 남부순환로 2364,02-580-3300,722,Y,2020111,20201116
연희마당,서울특별시 서초구 남부순환로 2364,02-580-3300,1000,Y,20201112,20201124
국악박물관,서울특별시 서초구 남부순환로 2364,02-580-3358,345,Y,20201114,20201129
우면당,서울특별시 서초구 남부순환로 2364,02-580-3399,375,Y,2020119,20201122
서울 예술의전당,서울특별시 서초구 남부순환로 2406(서초동),031-481-4098,2300,Y,2020118,20201121
서울 롯데콘서트홀,서울특별시 송파구 올림픽로 300 롯데월드몰 8층,033-259-5869,1000,Y,20201112,20201117
양천문화회관 대극장,서울특별시 양천구 목동서로 367,02-2620-3404,684,Y,2020111,20201123
해누리타운 해누리홀,서울특별시 양천구 목동동로 81,02-2620-3404,350,Y,20201111,20201122
영등포아트홀 공연장,서울특별시 영등포구 국회대로 596,02-2670-4081,789,Y,20201115,20201127
국립중앙박물관 으뜸홀,서울특별시 용산구 서빙고로 137,1544-5955,283,Y,2020113,20201124
국립중앙박물관 열린마당,서울특별시 용산구 서빙고로 137,1544-5955,234,Y,20201111,20201129
상설전시관,서울특별시 용산구 서빙고로 137,1544-5955,120,Y,2020112,20201129
국립중앙박물관 공간 온,서울특별시 용산구 서빙고로 137,1544-5955,67,Y,20201114,20201127
세종문화회관 대극장,서울특별시 종로구 세종대로 175(세종로),031-481-4098,3000,Y,20201111,20201117
남인사마당,서울특별시 종로구 인사동길 6,02-3673-4667,456,N,20201113,20201120
울산문화예술회관 대공연장,울산광역시 남구 번영로 200,052-226-5415,250,Y,2020118,20201119
옥현어린이도서관,울산광역시 남구 옥현로58번길 40,052-226-2370,250,Y,2020118,20201130
신복도서관,울산광역시 남구 신복로72번길 18-13,052-226-2367,250,Y,2020117,20201116
월봉도서관,울산광역시 남구 돋질로139번길 23,052-226-2377,250,N,2020119,20201120
도산도서관,울산광역시 남구 번영로54번길 6,052-226-5712,250,Y,20201111,20201120
미포구장,울산광역시 동구 봉수로 27-90(화정동),052-209-3333,250,Y,20201115,20201117
울산북구문화예술회관,울산광역시 북구 산업로 1000,052-241-7363,453,Y,2020111,20201117
신불산 간월재,울산광역시 울주군 상북면 간월산길 614 (간월산 휴게소),052-229-9500,4000,Y,2020116,20201120
남동소래아트홀 소래극장,인천광역시 남동구 아암대로1437번길 32(논현동),032-460-0560,705,Y,2020119,20201127
남동소래아트홀 갤러리화소,인천광역시 남동구 아암대로1437번길 32(논현동),032-460-0560,705,Y,2020119,20201127
남동소래아트홀 야외무대,인천광역시 남동구 아암대로1437번길 32(논현동),032-460-0560,705,Y,2020113,20201125
동구주민행복센터,인천광역시 동구 염전로40번길 70,032-770-6922,500,Y,2020115,20201125
동구주민행복센터,인천광역시 동구 염전로40번길 70,032-770-6922,800,N,2020111,20201129
주민행복센터,인천광역시 동구 염전로40번길 70,032-770-6923,500,N,20201114,20201121
동구청소년수련관,인천광역시 동구 솔빛로 82,032-770-6923,300,N,20201115,20201116
작은극장 돌체,인천광역시 미추홀구 매소홀로 573,032-772-7361,120,N,2020114,20201128
부평아트센터,인천광역시 부평구 아트센터로 166,032-500-2000,503,Y,2020118,20201126
인천아시아드주경기장,인천광역시 서구 봉수대로 806,032-560-4133,503,Y,20201110,20201123
중구문화회관,인천광역시 중구 축항대로296번길 81,032-760-6402,634,Y,2020115,20201124
싸리재홀,인천광역시중구자유공원로12(인현동),032-760-3400,100,Y,20201111,20201116
고흥군청일원,전라남도 고흥군 고흥읍 고흥군청로1,061-830-5305,3000,Y,20201115,20201127
곡성중학교,전라남도 곡성군 곡성읍 중앙로 59,061-360-8364,300,Y,2020118,20201118
문화예술회관 대공연장,전라남도 광양시 광양읍 향교길 9-30,061-797-3838,490,Y,2020114,20201125
문화예술회관 제1전시실,전라남도 광양시 광양읍 향교길 9-30,061-797-3838,490,Y,2020114,20201118
문화예술회관 제2전시실,전라남도 광양시 광양읍 향교길 9-30,061-797-3838,490,Y,2020116,20201130
문화예술회관 소공연장,전라남도 광양시 광양읍 향교길 9-30,061-797-3838,189,Y,20201114,20201122
담빛길 공방거리 일원,전라남도 담양군 담양읍 객사2길 9-1,061-380-2804,189,Y,2020119,20201121
해동문화예술촌,전라남도 담양군 담양읍 지침1길 6,061-380-2804,189,Y,2020116,20201119
시민문화체육센타,전라남도 목포시 부주로 312,061-281-3108,1207,Y,20201114,20201127
문화예술회관 일대,전라남도 목포시 남농로 102,061-279-1602,456,Y,20201113,20201126
승달문화예술회관,전라남도 무안군 무안읍 창포로 8,061-450-4090,502,Y,20201114,20201124
보성군문화예술회관,전라남도 보성군 보성읍 송재로 281-9,061-850-8660,497,Y,20201115,20201128
도갑사,전라남도 영암군 군서면 도갑사로 306,061-473-5122,3000,Y,20201113,20201127
장성문화예술회관 대공연장,전라남도 장성군 장성읍 문화로 110,061-390-8475,684,Y,20201115,20201119
국립남도국악원,전라남도 진도군 임회면 진도대로 3818,061-540-4034,600,Y,20201114,20201122
무형문화재전수관,전라남도 진도군 진도읍 동외1길 6-9,061-540-3073,100,Y,20201110,20201117
향토문화회관,전라남도 진도군 진도읍 진도대로 7197,061-544-8978,630,Y,2020113,20201129
"노인복지회관, 백향목의 집, 한사랑재가복지관",전라남도 함평군 함평읍 들샘길 36,061-320-1776,456,Y,2020112,20201117
천지종합복지회관,전라남도 함평군 함평읍 곤재로 27,061-320-1776,345,Y,2020114,20201128
해남군민광장,전라남도 해남군 해남읍 군청길 4,061-530-5139,1000,Y,20201113,20201116
고창동리국악당,전라북도 고창군 고창읍 모양성로 11,063-560-8041,170,Y,20201111,20201122
군산 월명체육관,"전라북도 군산시 백토로203, (지곡동)",063-454-5528,170,Y,2020114,20201117
군산예술의전당소공연장,"전라북도 군산시 백토로203, (지곡동)",063-454-5528,170,Y,20201113,20201129
군산예술의전당대 야외공연장,"전라북도 군산시 백토로203, (지곡동)",063-454-5528,170,Y,20201113,20201130
"군산예술의전당 2,3 전시실",전라북도 군산시 백토로 203,063-454-5530,170,Y,2020114,20201121
군산예술의전당 대공연장,전라북도 군산시 백토로 203,063-454-5530,450,Y,20201115,20201130
군산예술의전당 소공연장,전라북도 군산시 백토로 203,063-454-5530,1200,Y,20201114,20201127
군산예술의전당 야외광장,전라북도 군산시 백토로 203,063-454-5530,1200,Y,2020119,20201119
"군산예술의전당 2,3전시실",전라북도 군산시 백토로 203,063-454-5530,1200,Y,2020114,20201127
군산예술의전당 대공연장,"전라북도 군산시 백토로203, (지곡동)",063-454-5535,1200,Y,20201110,20201123
군산예술의전당,"전라북도 군산시 백토로203, (지곡동)",063-454-5535,1200,Y,2020116,20201119
"군산예술의전당 2,3전시실","전라북도 군산시 백토로203, (지곡동)",063-454-5535,1200,Y,2020117,20201122
군산예술의전당 야외광장,"전라북도 군산시 백토로203, (지곡동)",063-454-5535,1200,Y,2020118,20201119
군산예술의전당 소공연장,"전라북도 군산시 백토로203, (지곡동)",063-454-5535,1200,Y,2020118,20201124
군산예술의전당대공연장,"전라북도 군산시 백토로203, (지곡동)",063-454-5535,1200,Y,2020115,20201130
군산예술의전당야외광장,"전라북도 군산시 백토로203, (지곡동)",063-454-5535,1200,Y,20201110,20201126
삼도봉 정상,전라북도 무주군 설천면 삼도봉로 771-5,063-324-1300,1200,N,20201114,20201129
부안예술회관 공연장,전라북도 부안군 부안읍 예술회관길 11,063-580-3927,499,Y,2020118,20201118
옥천골미술관,전라북도 순창군 순창읍 순창8길 13,063-650-1638,499,Y,2020118,20201126
순창군 향토회관,전라북도 순창군 순창읍 장류로 407-11,063-650-1635,499,Y,2020114,20201117
완주향토예술문화회관,전라북도 완주군 삼례읍 삼봉로 215,063-290-2094,218,Y,2020111,20201124
완주문화예술회관,전라북도 완주군 용진읍 지암로 61,063-290-2094,478,Y,2020115,20201128
솜리문화예술회관,전라북도 익산시 선화1로 106,063-859-3452,584,Y,20201111,20201129
익산예술의전당,전라북도 익산시 동서로 490,063-859-3254,1100,Y,2020116,20201124
익산예술의전당,전라북도 익산시 동서로 490,063-836-0569,1100,Y,2020114,20201116
익산예술의전당 대공연장,전라북도 익산시 동서로 490,063-836-0569,1100,Y,2020116,20201126
익산예술의전당 미술관,전라북도 익산시 동서로 490,063-843-8811,1100,Y,2020119,20201129
임실필봉농악전수관,전라북도 임실군 강진면 강운로 272,063-643-1902,200,Y,2020113,20201116
정읍황토현전적지특설무대(제세문앞),전라북도 정읍시 덕천면 동학로 742,063-539-6412,1200,Y,2020113,20201125
정읍시립박물관,전라북도 정읍시 내장산로 370-12,063-539-6792,200,Y,2020118,20201127
시립박물관,전라북도 정읍시 내장산로 370-12,063-539-6792,200,Y,20201115,20201119
중앙도서관,전라북도 정읍시 벚꽃로 511,063-539-6432,200,Y,20201114,20201123
정읍시립중앙도서관 및 상동시민공원,전라북도 정읍시 벚꽃로 511,063-539-6435,100,Y,20201111,20201124
정읍시립중앙도서관,전라북도 정읍시 벚꽃로 511,063-539-6435,20,Y,2020115,20201123
기적의도서관,전라북도 정읍시 수성5로 45-5,063-539-6453,200,N,20201115,20201127
기적의도서관,전라북도 정읍시 수성5로 45-5,063-539-6453,100,Y,2020119,20201123
정읍기적의도서관,전라북도 정읍시 수성5로 45-5,063-539-6453,100,Y,20201113,20201119
정읍천변어린이축구장특설무대,전라북도 정읍시 벚꽃로 401(시기동),063-539-6413,500,Y,20201112,20201126
정읍시립미술관,전라북도 정읍시 시기4길 7,063-539-6420,400,Y,2020111,20201122
정읍사공원특설무대,전라북도 정읍시 정읍사로 541,063-539-6412,500,Y,20201115,20201128
정읍사공원특설무대,전라북도 정읍시 정읍사로 541(시기동),063-539-6412,500,Y,2020117,20201116
정읍사예술회관,전라북도 정읍시 시기4길 13,063-539-5175,600,Y,20201112,20201120
정읍사공원,전라북도 정읍시 시기4길 13,063-539-6412,200,Y,2020115,20201130
정읍사공원(우천시 정읍사예술회관),전라북도 정읍시 시기4길 13,063-539-6412,200,Y,2020112,20201119
정읍사예술회관,전라북도 정읍시 시기4길 13,063-539-6413,603,Y,2020113,20201127
연지아트홀,전라북도 정읍시 시기4길 13,063-539-7872,203,Y,20201115,20201116
신태인도서관,전라북도 정읍시 신태인읍 신태인중앙로 47,063-539-6442,456,Y,20201110,20201120
하늘향 노인복지센터,전라북도 정읍시 신태인읍 신태인중앙로 47,063-539-6442,25,Y,2020114,20201128
신태인도서관 교양교실,전라북도 정읍시 신태인읍 신태인중앙로 47,063-539-6442,25,Y,20201113,20201121
초등학교 강당,전라북도 정읍시 신태인읍 신태인중앙로 47,063-539-6442,100,Y,2020113,20201129
신태인도서관 정보활용방,전라북도 정읍시 신태인읍 신태인중앙로 47,063-539-6442,10,Y,20201115,20201124
진안 문화의집 2층(마이홀),전라북도 진안군 진안읍 대성길 3,063-430-2320,210,N,2020118,20201122
진안 문화의집 2층(마이홀),전라북도 진안군 진안읍 대성길 5,063-430-2320,210,N,2020112,20201120
진안 문화의집 2층(마이홀),전라북도 진안군 진안읍 대성길 7-4,063-430-2320,210,N,2020119,20201125
진안 문화의집 2층(마이홀),전라북도 진안군 진안읍 대성길 5,063-430-2320,210,N,2020113,20201117
진안 문화의집 2층(마이홀),전라북도 진안군 진안읍 대성길 6,063-430-2320,210,N,2020112,20201128
진안 문화의집 2층(마이홀),전라북도 진안군 진안읍 대성길 8,063-430-2320,210,N,2020119,20201120
진안 문화의집 2층(마이홀),전라북도 진안군 진안읍 대성길 10,063-430-2320,210,N,2020113,20201129
진안문화의 집,전라북도 진안군 진안읍 중앙로 67,063-430-2322,200,N,2020116,20201123
국립제주박물관,제주특별자치도 제주시 일주동로 17,064-720-8000,258,Y,20201110,20201124
서산시문화회관 소공연장,충청남도 서산시 문화로 52,041-661-8029,108,N,2020117,20201127
서산시문화회관 대공연장,충청남도 서산시 문화로 52,041-661-8029,108,N,20201113,20201127
공주문예회관 대공연장,충청남도 공주시 고마나루길 5,041-840-2203,284,Y,20201114,20201119
공주문예회관 소공연장,충청남도 공주시 고마나루길 5,041-840-2203,456,Y,2020114,20201128
별무리학교 강당,충청남도 금산군 금산읍 금산로 1559,014-750-4424,100,Y,20201115,20201128
금산다락원 생명의집,충청남도 금산군 금산읍 금산로 1559,041-750-4423,420,Y,2020118,20201119
청산아트홀,충청남도 금산군 금산읍 금산로 1559,041-750-4423,456,Y,2020117,20201120
숲속마을작은학교 강당,충청남도 금산군 금산읍 금산로 1559,041-750-4424,100,Y,20201110,20201116
강경성지성당,충청남도 논산시 강경읍 옥녀봉로27번길 13-3,041-746-5664,800,N,20201111,20201117
논산 공설운동장,충청남도 논산시 체육로 110,041-746-5664,345,Y,2020112,20201128
논산 문화예술회관,충청남도 논산시 시민로 273,041-746-5950,577,Y,20201111,20201120
논산 문화예술회관,충청남도 논산시 시민로 271,041-746-5664,300,Y,20201112,20201130
논산천둔치,충청남도 논산시 강변로 370,041-746-5664,300,Y,2020118,20201127
논산천둔치,충청남도 논산시 중앙로 522,041-746-5664,234,Y,2020113,20201122
"시외버스터미널, 논산역 등 시민들이 자주 찾는 곳",충청남도 논산시 해월로 236-13,041-746-5393,234,N,2020119,20201120
논산 시민공원,충청남도 논산시 대학로 121,041-746-5393,1025,Y,20201112,20201117
건양대학교 콘서트홀,충청남도 논산시 대학로 121,041-746-5664,1000,Y,2020112,20201127
논산 문화예술회관,충청남도 논산시 대학로 121,041-746-5664,577,Y,2020118,20201126
논산 시민운동장,충청남도 논산시 해월로249번길 16-1,041-746-5950,8000,N,2020119,20201124
보령문화예술회관 대공연장,충청남도 보령시 성주산로 101,041-930-3423,798,Y,2020114,20201117
보령문화의전당 대강당,충청남도 보령시 성주산로 101,041-930-3423,229,Y,20201111,20201123
부여군 국악의전당,충청남도 부여군 규암면 백제문로 388,041-830-2926,172,Y,20201114,20201124
국립부여박물관,충청남도 부여군 부여읍 금성로 5,041-833-8563,282,Y,20201115,20201117
청양문화예술회관 대공장,충청남도 청양군 청양읍 문화예술로 187,041-940-2734,727,Y,2020115,20201130
예술회관 대공연장,충청남도 태안군 태안읍 백화로 200,041-670-2258,687,Y,20201114,20201120
도청 문예회관,충청남도 홍성군 홍북읍 도청대로 21,041-630-2913,687,Y,2020114,20201121
내포시민과장,충청남도 홍성군 홍북읍 도청대로 21,041-635-3817,687,Y,20201114,20201129
홍주문화회관 대공연장,충청남도 홍성군 홍성읍 내포로 164,041-634-0021,300,Y,20201110,20201129
문화예술회관,충청북도 단양군 단양읍 중앙1로 32,043-420-2554,498,Y,2020119,20201126
"오장환문학관, 보은읍 뱃들공원",충청북도 보은군 회인면 회인로 5길 12,043-540-3373,498, ,2020117,20201122
국악체험촌,충청북도 영동군 심천면 국악로1길 33,043-740-5941,80,Y,2020113,20201119
군민운동장,충청북도 영동군 영동읍 영동황간로 123,043-742-2215,2500,Y,20201110,20201122
난계국악당,충청북도 영동군 영동읍 성안길 11,043-740-3203,480,Y,20201111,20201127
영동천 특설무대,충청북도 영동군 영동읍 상부용로 55,043-742-2215,2500,Y,20201111,20201126
황간초등학교외,충청북도 영동군 영동읍 대학로 310,043-743-0004,100,N,2020112,20201124
자계예술촌,충청북도 영동군 용화면 횡지구백길 5,043-742-0004,300,N,20201111,20201120
옥천문화예술회관,충청북도 옥천군 옥천읍 문정1길 32,043-730-4891,478,N,20201113,20201126
옥천문화예술회관,충청북도 옥천군 옥천읍 문정1길 32,043-730-4891,478,Y,2020114,20201116
정지용문학관 일원,충청북도 옥천군 옥천읍 향수길 49,043-730-3408,478,Y,2020117,20201129
정지용문학관 일원,충청북도 옥천군 옥천읍 향수길 56,043-730-3408,478,Y,2020112,20201117
음성문화예술회관,충청북도 음성군 음성읍 예술로102,043-871-5949,119,Y,20201112,20201116
여름광장,충청북도 제천시 동명로 77(명동),043-641-4870,6500,Y,2020113,20201124
도안초등학교 강당,충청북도 증평군 도안면 화성로 101,043-835-4113,456,Y,20201111,20201122
증평문화회관,충청북도 증평군 증평읍 삼보로 28,043-835-4113,492,Y,20201111,20201130
증평문화회관,충청북도 증평군 증평읍 삼보로 29,043-835-4113,492,Y,2020118,20201117
증평문화회관,충청북도 증평군 증평읍 삼보로 30,043-835-4113,492,Y,20201115,20201128
증평문화회관,충청북도 증평군 증평읍 삼보로 31,043-835-4113,492,Y,2020118,20201130
증평문화회관,충청북도 증평군 증평읍 삼보로 32,043-835-4113,492,Y,2020116,20201116
보강천 물빛공원,충청북도 증평군 증평읍 송산리 667,043-835-4113,4456,Y,20201114,20201130
독서왕김득신문학관야외무대,충청북도 증평군 증평읍 인삼로 93,043-835-4113,456,Y,20201114,20201122
화랑관,충청북도 진천군 진천읍 문화로 69-4,043-539-3603,420,Y,2020111,20201118
국립청주박물관,충청북도 청주시 상당구 명암로 143,043-229-6300,456,Y,2020115,20201122
